{
  "builders": [
    {
      "boot_command": [
        "<up><wait><tab> text ks=http://{{ .HTTPIP }}:{{ .HTTPPort }}/{{user `ks_path`}}<enter><wait>"
      ],
      "boot_wait": "10s",
      "disk_size": "{{user `disk_size`}}",
      "guest_additions_path": "VBoxGuestAdditions_{{.Version}}.iso",
      "guest_os_type": "RedHat_64",
      "hard_drive_interface": "sata",
      "headless": true,
      "http_directory": "http",
      "iso_checksum": "{{user `iso_checksum`}}",
      "iso_checksum_type": "{{user `iso_checksum_type`}}",
      "iso_url": "{{user `mirror`}}/{{user `mirror_directory`}}/{{user `iso_name`}}",
      "output_directory": "../builds/packer-{{user `template`}}-virtualbox",
      "shutdown_command": "echo 'vagrant' | sudo -S /sbin/halt -h -p",
      "ssh_password": "vagrant",
      "ssh_port": 22,
      "ssh_username": "vagrant",
      "ssh_wait_timeout": "10000s",
      "type": "virtualbox-iso",
      "vboxmanage": [
        [
          "modifyvm",
          "{{.Name}}",
          "--memory",
          "{{ user `memory` }}"
        ],
        [
          "modifyvm",
          "{{.Name}}",
          "--cpus",
          "{{ user `cpus` }}"
        ]
      ],
      "virtualbox_version_file": ".vbox_version",
      "vm_name": "{{ user `template` }}"
    }
  ],
  "post-processors": [
    {
      "output": "../builds/{{user `box_basename`}}.{{.Provider}}.box",
      "type": "vagrant"
    }
  ],
  "provisioners": [
    {
      "execute_command": "echo 'vagrant' | {{.Vars}} sudo -S -E sh -eux '{{.Path}}'",
      "expect_disconnect": true,
      "scripts": [
        "scripts/common.sh",
        "scripts/vagrant.sh",
        "scripts/virtualbox.sh",
        "scripts/ansible.sh",
        "scripts/cleanup.sh",
        "scripts/packages.sh",
        "scripts/mysql.sh",
        "scripts/minimize.sh",
        "scripts/orchestrator.sh"
      ],
      "type": "shell"
    }
  ],
  "variables": {
    "box_basename": "centos-7.4",
    "build_timestamp": "{{isotime \"20060102150405\"}}",
    "cpus": "1",
    "disk_size": "40960",
    "iso_checksum": "bba314624956961a2ea31dd460cd860a77911c1e0a56e4820a12b9c5dad363f5",
    "iso_checksum_type": "sha256",
    "iso_name": "CentOS-7-x86_64-Minimal-1708.iso",
    "ks_path": "ks.cfg",
    "memory": "1024",
    "mirror": "http://mirrors.kernel.org/centos",
    "mirror_directory": "7.4.1708/isos/x86_64",
    "name": "centos-7.4",
    "template": "centos-7.4-x86_64",
    "version": "TIMESTAMP"
  }
}
